[{"model": "foodcartapp.productcategory", "pk": 1, "fields": {"name": "Бургер"}}, {"model": "foodcartapp.productcategory", "pk": 2, "fields": {"name": "Ролл"}}, {"model": "foodcartapp.product", "pk": 53, "fields": {"name": "Стейкхаус", "category": 1, "price": "269.00", "image": "steak_QcUazrq.jpg", "special_status": false, "description": "Стейкхаус – это сочетание нашей фирменной, приготовленной на огне 100% говядины с ломтиками бекона и соусом «Барбекю», майонезом, листьями свежего салата, помидором и хрустящим луком на воздушной."}}, {"model": "foodcartapp.product", "pk": 54, "fields": {"name": "Лонг Чизбургер", "category": 1, "price": "219.00", "image": "long_chiz_5fNwGFx.jpg", "special_status": false, "description": "Лонг Чизбургер – эталон в коллекции чизбургеров! Два приготовленных на огне бифштекса с двумя ломтиками слегка расплавленного сыра, хрустящими огурчиками, рубленым луком, горчицей и кетчупом на."}}, {"model": "foodcartapp.product", "pk": 55, "fields": {"name": "Тройной Воппер", "category": 1, "price": "369.00", "image": "triple_vopper_dl5ZW7y.jpg", "special_status": false, "description": "ВОППЕР® — это вкуснейшая приготовленная на огне 100% говядина с сочными помидорами, свежим нарезанным листовым салатом, густым майонезом, хрустящими маринованными огурчиками и свежим луком на нежной"}}, {"model": "foodcartapp.product", "pk": 56, "fields": {"name": "Беконайзер", "category": 1, "price": "319.00", "image": "beconizer_pryk4mb.jpg", "special_status": false, "description": "Встречай самый внушительный бургер в коллекции Бургер Кинг. Много мяса, много бекона и много сыра - все, как ты любишь, и ничего лишнего!"}}, {"model": "foodcartapp.product", "pk": 57, "fields": {"name": "Фиш Ролл", "category": 2, "price": "199.00", "image": "fish_roll_TIjVoGx.jpg", "special_status": false, "description": "Наш новый ролл с аппетитной котлеткой из филе белой рыбы, с фирменным соусом, маринованными огурчиками и хрустящим салатом. Легкое рыбное удовольствие!"}}, {"model": "foodcartapp.product", "pk": 58, "fields": {"name": "Шримп Ролл", "category": 2, "price": "209.00", "image": "shrimp_roll_azJdcBE.jpg", "special_status": false, "description": "Легкий ролл с нежными королевскими креветками в хрустящей панировке, свежий салат Айсберг и ломтик сыра в пшеничной лепешке под фирменным соусом «Кинг». Внимание! Блюдо содержит аллергены – ."}}, {"model": "foodcartapp.restaurant", "pk": 4, "fields": {"name": "Star Burger Арбат", "address": "Москва, ул. Новый Арбат, 15", "contact_phone": "+7 (967) 157-44-13", "lon": 37.59242, "lat": 55.752141}}, {"model": "foodcartapp.restaurant", "pk": 5, "fields": {"name": "Star Burger Цветной", "address": "Москва, Цветной бульвар, 11с2", "contact_phone": "+7 (929) 949-55-36", "lon": 37.620429, "lat": 55.770076}}, {"model": "foodcartapp.restaurant", "pk": 6, "fields": {"name": "Star Burger Европейский", "address": "Москва, пл. Киевского Вокзала, 2", "contact_phone": "+7 (929) 680-47-58", "lon": 37.566072, "lat": 55.744637}}, {"model": "foodcartapp.restaurantmenuitem", "pk": 45, "fields": {"restaurant": 6, "product": 53, "availability": true}}, {"model": "foodcartapp.restaurantmenuitem", "pk": 46, "fields": {"restaurant": 6, "product": 54, "availability": true}}, {"model": "foodcartapp.restaurantmenuitem", "pk": 47, "fields": {"restaurant": 6, "product": 55, "availability": true}}, {"model": "foodcartapp.restaurantmenuitem", "pk": 48, "fields": {"restaurant": 5, "product": 54, "availability": true}}, {"model": "foodcartapp.restaurantmenuitem", "pk": 49, "fields": {"restaurant": 5, "product": 55, "availability": true}}, {"model": "foodcartapp.restaurantmenuitem", "pk": 50, "fields": {"restaurant": 5, "product": 56, "availability": true}}, {"model": "foodcartapp.restaurantmenuitem", "pk": 51, "fields": {"restaurant": 4, "product": 56, "availability": true}}, {"model": "foodcartapp.restaurantmenuitem", "pk": 52, "fields": {"restaurant": 4, "product": 57, "availability": true}}, {"model": "foodcartapp.restaurantmenuitem", "pk": 53, "fields": {"restaurant": 4, "product": 58, "availability": true}}, {"model": "foodcartapp.order", "pk": 10, "fields": {"firstname": "gallant", "lastname": "mcnulty", "phonenumber": "+77757059773", "address": "Бирюлёвская ул., 56 строение 2", "order_status": "Приготовление", "payment_method": "Наличными", "comments": "", "restaurant": 6, "lon": 37.669378, "lat": 55.582314, "created_at": "2024-01-03T09:16:25Z", "called_at": null, "delivered_at": null}}, {"model": "foodcartapp.orderdetails", "pk": 25, "fields": {"product": null, "quantity": 1, "order": 10, "price": "269.00"}}, {"model": "foodcartapp.orderdetails", "pk": 26, "fields": {"product": null, "quantity": 1, "order": 10, "price": "219.00"}}, {"model": "foodcartapp.orderdetails", "pk": 27, "fields": {"product": null, "quantity": 2, "order": 10, "price": "738.00"}}, {"model": "foodcartapp.orderdetails", "pk": 28, "fields": {"product": null, "quantity": 2, "order": 10, "price": "418.00"}}, {"model": "foodcartapp.geoposition", "pk": 1, "fields": {"lon": 37.59242, "lat": 55.752141, "address": "Москва, ул. Новый Арбат, 15", "created_at": "2023-09-20T18:45:51.077Z", "updated_at": "2023-09-20T18:45:51.077Z"}}, {"model": "foodcartapp.geoposition", "pk": 2, "fields": {"lon": 37.620429, "lat": 55.770076, "address": "Москва, Цветной бульвар, 11с2", "created_at": "2023-09-20T18:45:51.307Z", "updated_at": "2023-09-20T18:45:51.307Z"}}, {"model": "foodcartapp.geoposition", "pk": 3, "fields": {"lon": 37.566072, "lat": 55.744637, "address": "Москва, пл. Киевского Вокзала, 2", "created_at": "2023-09-20T18:45:51.643Z", "updated_at": "2023-09-20T18:45:51.643Z"}}, {"model": "foodcartapp.geoposition", "pk": 4, "fields": {"lon": 37.617644, "lat": 55.755819, "address": "Москва, CITY PARK · Мантулинская улица, 9 к2", "created_at": "2023-09-20T19:15:43.766Z", "updated_at": "2023-09-20T19:15:43.766Z"}}, {"model": "foodcartapp.geoposition", "pk": 5, "fields": {"lon": 37.518326, "lat": 55.719003, "address": "Москва, Мосфильмовская улица, 46 ст4", "created_at": "2023-09-20T19:18:49.541Z", "updated_at": "2023-09-20T19:18:49.541Z"}}, {"model": "foodcartapp.geoposition", "pk": 6, "fields": {"lon": 37.577615, "lat": 55.739595, "address": "Москва, Земледельческий переулок, 3", "created_at": "2023-09-20T19:19:25.397Z", "updated_at": "2023-09-20T19:19:25.397Z"}}, {"model": "foodcartapp.geoposition", "pk": 7, "fields": {"lon": 37.586086, "lat": 55.747226, "address": "Москва, Улица Арбат, 53 ст6", "created_at": "2023-09-20T19:23:01.223Z", "updated_at": "2023-09-20T19:23:01.223Z"}}, {"model": "foodcartapp.geoposition", "pk": 8, "fields": {"lon": 71.404252, "lat": 51.110929, "address": "Orynbor 10\\3", "created_at": "2023-10-13T05:37:53.746Z", "updated_at": "2023-10-13T05:37:53.746Z"}}, {"model": "foodcartapp.geoposition", "pk": 9, "fields": {"lon": 71.438882, "lat": 51.162782, "address": "Сабыр Ракымова 22", "created_at": "2023-10-13T07:09:29.554Z", "updated_at": "2023-10-13T07:09:29.554Z"}}, {"model": "foodcartapp.geoposition", "pk": 10, "fields": {"lon": 71.438882, "lat": 51.162782, "address": "Сабыр Ракымова 22", "created_at": "2023-10-14T16:16:45.749Z", "updated_at": "2023-10-14T16:16:45.749Z"}}, {"model": "foodcartapp.geoposition", "pk": 11, "fields": {"lon": 71.404252, "lat": 51.110929, "address": "Orynbor 10\\3", "created_at": "2023-10-27T07:31:55.172Z", "updated_at": "2023-10-27T07:31:55.172Z"}}, {"model": "foodcartapp.geoposition", "pk": 12, "fields": {"lon": 71.404252, "lat": 51.110929, "address": "Orynbor 10\\3", "created_at": "2023-10-27T07:47:55.740Z", "updated_at": "2023-10-27T07:47:55.740Z"}}, {"model": "foodcartapp.geoposition", "pk": 13, "fields": {"lon": 71.404252, "lat": 51.110929, "address": "Orynbor 10\\3", "created_at": "2023-10-27T07:48:22.570Z", "updated_at": "2023-10-27T07:48:22.570Z"}}, {"model": "foodcartapp.geoposition", "pk": 14, "fields": {"lon": 71.404252, "lat": 51.110929, "address": "Orynbor 10\\3", "created_at": "2023-10-27T07:48:38.441Z", "updated_at": "2023-10-27T07:48:38.441Z"}}, {"model": "foodcartapp.geoposition", "pk": 15, "fields": {"lon": 37.59242, "lat": 55.752141, "address": "Москва, ул. Новый Арбат, 15", "created_at": "2023-10-28T13:48:09.744Z", "updated_at": "2023-10-28T13:48:09.744Z"}}, {"model": "foodcartapp.geoposition", "pk": 16, "fields": {"lon": 37.620429, "lat": 55.770076, "address": "Москва, Цветной бульвар, 11с2", "created_at": "2023-10-28T13:48:18.083Z", "updated_at": "2023-10-28T13:48:18.083Z"}}, {"model": "foodcartapp.geoposition", "pk": 17, "fields": {"lon": 37.566072, "lat": 55.744637, "address": "Москва, пл. Киевского Вокзала, 2", "created_at": "2023-10-28T13:48:19.313Z", "updated_at": "2023-10-28T13:48:19.313Z"}}, {"model": "foodcartapp.geoposition", "pk": 18, "fields": {"lon": 37.59242, "lat": 55.752141, "address": "Москва, ул. Новый Арбат, 15", "created_at": "2023-10-28T13:49:00.005Z", "updated_at": "2023-10-28T13:49:00.005Z"}}, {"model": "foodcartapp.geoposition", "pk": 19, "fields": {"lon": 37.620429, "lat": 55.770076, "address": "Москва, Цветной бульвар, 11с2", "created_at": "2023-10-28T13:49:00.285Z", "updated_at": "2023-10-28T13:49:00.285Z"}}, {"model": "foodcartapp.geoposition", "pk": 20, "fields": {"lon": 37.566072, "lat": 55.744637, "address": "Москва, пл. Киевского Вокзала, 2", "created_at": "2023-10-28T13:49:00.579Z", "updated_at": "2023-10-28T13:49:00.579Z"}}, {"model": "foodcartapp.geoposition", "pk": 21, "fields": {"lon": 71.438882, "lat": 51.162782, "address": "Сабыр Ракымова 22", "created_at": "2023-10-28T14:19:55.464Z", "updated_at": "2023-10-28T14:19:55.464Z"}}, {"model": "foodcartapp.geoposition", "pk": 22, "fields": {"lon": 71.438882, "lat": 51.162782, "address": "Сабыр Ракымова 22", "created_at": "2023-10-28T14:20:25.255Z", "updated_at": "2023-10-28T14:20:25.255Z"}}, {"model": "foodcartapp.geoposition", "pk": 23, "fields": {"lon": 37.669378, "lat": 55.582314, "address": "Бирюлёвская ул., 56 строение 2", "created_at": "2024-01-03T09:16:25.543Z", "updated_at": "2024-01-03T09:16:25.543Z"}}, {"model": "contenttypes.contenttype", "fields": {"app_label": "foodcartapp", "model": "product"}}, {"model": "contenttypes.contenttype", "fields": {"app_label": "foodcartapp", "model": "restaurant"}}, {"model": "contenttypes.contenttype", "fields": {"app_label": "foodcartapp", "model": "restaurantmenuitem"}}, {"model": "contenttypes.contenttype", "fields": {"app_label": "foodcartapp", "model": "productcategory"}}, {"model": "contenttypes.contenttype", "fields": {"app_label": "foodcartapp", "model": "order"}}, {"model": "contenttypes.contenttype", "fields": {"app_label": "foodcartapp", "model": "orderdetails"}}, {"model": "contenttypes.contenttype", "fields": {"app_label": "foodcartapp", "model": "geoposition"}}, {"model": "contenttypes.contenttype", "fields": {"app_label": "admin", "model": "logentry"}}, {"model": "contenttypes.contenttype", "fields": {"app_label": "auth", "model": "permission"}}, {"model": "contenttypes.contenttype", "fields": {"app_label": "auth", "model": "group"}}, {"model": "contenttypes.contenttype", "fields": {"app_label": "auth", "model": "user"}}, {"model": "contenttypes.contenttype", "fields": {"app_label": "contenttypes", "model": "contenttype"}}, {"model": "contenttypes.contenttype", "fields": {"app_label": "sessions", "model": "session"}}, {"model": "auth.permission", "fields": {"name": "Can add товар", "content_type": ["foodcartapp", "product"], "codename": "add_product"}}, {"model": "auth.permission", "fields": {"name": "Can change товар", "content_type": ["foodcartapp", "product"], "codename": "change_product"}}, {"model": "auth.permission", "fields": {"name": "Can delete товар", "content_type": ["foodcartapp", "product"], "codename": "delete_product"}}, {"model": "auth.permission", "fields": {"name": "Can view товар", "content_type": ["foodcartapp", "product"], "codename": "view_product"}}, {"model": "auth.permission", "fields": {"name": "Can add ресторан", "content_type": ["foodcartapp", "restaurant"], "codename": "add_restaurant"}}, {"model": "auth.permission", "fields": {"name": "Can change ресторан", "content_type": ["foodcartapp", "restaurant"], "codename": "change_restaurant"}}, {"model": "auth.permission", "fields": {"name": "Can delete ресторан", "content_type": ["foodcartapp", "restaurant"], "codename": "delete_restaurant"}}, {"model": "auth.permission", "fields": {"name": "Can view ресторан", "content_type": ["foodcartapp", "restaurant"], "codename": "view_restaurant"}}, {"model": "auth.permission", "fields": {"name": "Can add пункт меню ресторана", "content_type": ["foodcartapp", "restaurantmenuitem"], "codename": "add_restaurantmenuitem"}}, {"model": "auth.permission", "fields": {"name": "Can change пункт меню ресторана", "content_type": ["foodcartapp", "restaurantmenuitem"], "codename": "change_restaurantmenuitem"}}, {"model": "auth.permission", "fields": {"name": "Can delete пункт меню ресторана", "content_type": ["foodcartapp", "restaurantmenuitem"], "codename": "delete_restaurantmenuitem"}}, {"model": "auth.permission", "fields": {"name": "Can view пункт меню ресторана", "content_type": ["foodcartapp", "restaurantmenuitem"], "codename": "view_restaurantmenuitem"}}, {"model": "auth.permission", "fields": {"name": "Can add категория", "content_type": ["foodcartapp", "productcategory"], "codename": "add_productcategory"}}, {"model": "auth.permission", "fields": {"name": "Can change категория", "content_type": ["foodcartapp", "productcategory"], "codename": "change_productcategory"}}, {"model": "auth.permission", "fields": {"name": "Can delete категория", "content_type": ["foodcartapp", "productcategory"], "codename": "delete_productcategory"}}, {"model": "auth.permission", "fields": {"name": "Can view категория", "content_type": ["foodcartapp", "productcategory"], "codename": "view_productcategory"}}, {"model": "auth.permission", "fields": {"name": "Can add заказ", "content_type": ["foodcartapp", "order"], "codename": "add_order"}}, {"model": "auth.permission", "fields": {"name": "Can change заказ", "content_type": ["foodcartapp", "order"], "codename": "change_order"}}, {"model": "auth.permission", "fields": {"name": "Can delete заказ", "content_type": ["foodcartapp", "order"], "codename": "delete_order"}}, {"model": "auth.permission", "fields": {"name": "Can view заказ", "content_type": ["foodcartapp", "order"], "codename": "view_order"}}, {"model": "auth.permission", "fields": {"name": "Can add детали заказа", "content_type": ["foodcartapp", "orderdetails"], "codename": "add_orderdetails"}}, {"model": "auth.permission", "fields": {"name": "Can change детали заказа", "content_type": ["foodcartapp", "orderdetails"], "codename": "change_orderdetails"}}, {"model": "auth.permission", "fields": {"name": "Can delete детали заказа", "content_type": ["foodcartapp", "orderdetails"], "codename": "delete_orderdetails"}}, {"model": "auth.permission", "fields": {"name": "Can view детали заказа", "content_type": ["foodcartapp", "orderdetails"], "codename": "view_orderdetails"}}, {"model": "auth.permission", "fields": {"name": "Can add геопозиция", "content_type": ["foodcartapp", "geoposition"], "codename": "add_geoposition"}}, {"model": "auth.permission", "fields": {"name": "Can change геопозиция", "content_type": ["foodcartapp", "geoposition"], "codename": "change_geoposition"}}, {"model": "auth.permission", "fields": {"name": "Can delete геопозиция", "content_type": ["foodcartapp", "geoposition"], "codename": "delete_geoposition"}}, {"model": "auth.permission", "fields": {"name": "Can view геопозиция", "content_type": ["foodcartapp", "geoposition"], "codename": "view_geoposition"}}, {"model": "auth.permission", "fields": {"name": "Can add log entry", "content_type": ["admin", "logentry"], "codename": "add_logentry"}}, {"model": "auth.permission", "fields": {"name": "Can change log entry", "content_type": ["admin", "logentry"], "codename": "change_logentry"}}, {"model": "auth.permission", "fields": {"name": "Can delete log entry", "content_type": ["admin", "logentry"], "codename": "delete_logentry"}}, {"model": "auth.permission", "fields": {"name": "Can view log entry", "content_type": ["admin", "logentry"], "codename": "view_logentry"}}, {"model": "auth.permission", "fields": {"name": "Can add permission", "content_type": ["auth", "permission"], "codename": "add_permission"}}, {"model": "auth.permission", "fields": {"name": "Can change permission", "content_type": ["auth", "permission"], "codename": "change_permission"}}, {"model": "auth.permission", "fields": {"name": "Can delete permission", "content_type": ["auth", "permission"], "codename": "delete_permission"}}, {"model": "auth.permission", "fields": {"name": "Can view permission", "content_type": ["auth", "permission"], "codename": "view_permission"}}, {"model": "auth.permission", "fields": {"name": "Can add group", "content_type": ["auth", "group"], "codename": "add_group"}}, {"model": "auth.permission", "fields": {"name": "Can change group", "content_type": ["auth", "group"], "codename": "change_group"}}, {"model": "auth.permission", "fields": {"name": "Can delete group", "content_type": ["auth", "group"], "codename": "delete_group"}}, {"model": "auth.permission", "fields": {"name": "Can view group", "content_type": ["auth", "group"], "codename": "view_group"}}, {"model": "auth.permission", "fields": {"name": "Can add user", "content_type": ["auth", "user"], "codename": "add_user"}}, {"model": "auth.permission", "fields": {"name": "Can change user", "content_type": ["auth", "user"], "codename": "change_user"}}, {"model": "auth.permission", "fields": {"name": "Can delete user", "content_type": ["auth", "user"], "codename": "delete_user"}}, {"model": "auth.permission", "fields": {"name": "Can view user", "content_type": ["auth", "user"], "codename": "view_user"}}, {"model": "auth.permission", "fields": {"name": "Can add content type", "content_type": ["contenttypes", "contenttype"], "codename": "add_contenttype"}}, {"model": "auth.permission", "fields": {"name": "Can change content type", "content_type": ["contenttypes", "contenttype"], "codename": "change_contenttype"}}, {"model": "auth.permission", "fields": {"name": "Can delete content type", "content_type": ["contenttypes", "contenttype"], "codename": "delete_contenttype"}}, {"model": "auth.permission", "fields": {"name": "Can view content type", "content_type": ["contenttypes", "contenttype"], "codename": "view_contenttype"}}, {"model": "auth.permission", "fields": {"name": "Can add session", "content_type": ["sessions", "session"], "codename": "add_session"}}, {"model": "auth.permission", "fields": {"name": "Can change session", "content_type": ["sessions", "session"], "codename": "change_session"}}, {"model": "auth.permission", "fields": {"name": "Can delete session", "content_type": ["sessions", "session"], "codename": "delete_session"}}, {"model": "auth.permission", "fields": {"name": "Can view session", "content_type": ["sessions", "session"], "codename": "view_session"}}]